channel,title,views,comments,published
https://www.youtube.com/@cryptowallstreet,Bitcoin is recovering – but this is exactly where the crash came in 2022! (Decision NOW),"8,816 views",N/A,17 hours ago
https://www.youtube.com/@cryptowallstreet,Things are about to get intense! Bitcoin is faltering – oil is exploding! (Nobody expected this),"9,401 views",N/A,1 day ago
https://www.youtube.com/@cryptowallstreet,Bitcoin on its last stand – will BTC fall even further? (Warning),"10,217 views",N/A,2 days ago
https://www.youtube.com/@cryptowallstreet,Bitcoin continues to plummet - What happens now? (Danger!),"11,541 views",N/A,3 days ago
https://www.youtube.com/@cryptowallstreet,Bitcoin at its most dangerous point - what will happen in 2022?! (My entry points),"10,497 views",N/A,4 days ago
https://www.youtube.com/@cryptowallstreet,Bitcoin explodes to $74K - Is the market about to turn around? (New entry points!),"9,713 views",N/A,5 days ago
https://www.youtube.com/@cryptowallstreet,"Warning: Bitcoin poised for its next move! SP500, Gold, Silver & Oil are now critical!","9,309 views",N/A,6 days ago
https://www.youtube.com/@cryptowallstreet,Explosive Bitcoin breakout: Is the rally starting NOW?,"10,017 views",N/A,7 days ago
https://www.youtube.com/@cryptowallstreet,"Iran war: Oil prices explode, futures weak – but Bitcoin doesn't collapse?","8,479 views",N/A,8 days ago
https://www.youtube.com/@cryptowallstreet,Iran war escalates – and Bitcoin rises?! Mega signal or trap?,"13,174 views",N/A,9 days ago
https://www.youtube.com/@lightup.kryptos/videos,Why QNT belongs (or doesn't belong) in your portfolio,472 views,N/A,2 days ago
https://www.youtube.com/@lightup.kryptos/videos,Bitvavo vs. Bison - which crypto exchange is better?,876 views,N/A,9 days ago
https://www.youtube.com/@lightup.kryptos/videos,Bitcoin & quantum computers - how big is the danger really?,"1,303 views",N/A,2 weeks ago
https://www.youtube.com/@lightup.kryptos/videos,Generation Pension Gap: Can Bitcoin really help?,679 views,N/A,3 weeks ago
https://www.youtube.com/@lightup.kryptos/videos,Want to buy ATOM now? Everything you need to know about COSMOS 2026!,717 views,N/A,1 month ago
https://www.youtube.com/@lightup.kryptos/videos,"Crypto taxes in 2026 - everything is changing for you! (DAC8, CARF & Co.)","1,503 views",N/A,1 month ago
https://www.youtube.com/@lightup.kryptos/videos,Crypto exchange comparison 2026: 61 providers tested,"3,526 views",N/A,1 month ago
https://www.youtube.com/@lightup.kryptos/videos,"Ethereum 2026: Fusaka, fees, staking – what's changing now!","1,439 views",N/A,1 month ago
https://www.youtube.com/@lightup.kryptos/videos,Bitcoin & Crypto 2026: Is a bear market coming?,"3,070 views",N/A,1 month ago
https://www.youtube.com/@lightup.kryptos/videos,Zcash (ZEC) REALLY has so much potential,921 views,N/A,2 months ago
https://www.youtube.com/@Finanzwissen/videos,Depot Challenge: Sind diese 4 Halbleiteraktien noch immer ein Kauf?,228 views,N/A,5 days ago
https://www.youtube.com/@Finanzwissen/videos,Accountable Test & Erfahrungen – So gut ist das Geschäftskonto wirklich,476 views,N/A,1 month ago
https://www.youtube.com/@Finanzwissen/videos,Depot Challenge 2026 – 4 Software-Aktien in der Analyse,406 views,N/A,1 month ago
https://www.youtube.com/@Finanzwissen/videos,Portfolio Challenge 2026 – We are building a savings plan portfolio with €1000 per month.,590 views,N/A,1 month ago
https://www.youtube.com/@Finanzwissen/videos,"My portfolio at a glance: All assets in detail, strengths and weaknesses",936 views,N/A,1 month ago
https://www.youtube.com/@Finanzwissen/videos,Smartbroker+ review and experiences – one of the best neobrokers?,"2,455 views",N/A,2 months ago
https://www.youtube.com/@Finanzwissen/videos,Stocks & Crypto Crash - Start of the bear market or is there hope?,"6,070 views",N/A,3 months ago
https://www.youtube.com/@Finanzwissen/videos,"Aktien, Bitcoin & Gold mit Rekordhochs – Blase und neue Realität?","3,043 views",N/A,5 months ago
https://www.youtube.com/@Finanzwissen/videos,ING checking account review and experience – Is the checking account worth it?,"1,593 views",N/A,5 months ago
https://www.youtube.com/@Finanzwissen/videos,Stocks & crypto at record highs - When will the party end?,"9,135 views",N/A,5 months ago
https://www.youtube.com/channel/UC7isKIBNkHn5nPTL777xsLA,⚠️Why a 95% hit rate is destroying your account⚠️,"1,008 views",N/A,2 days ago
https://www.youtube.com/channel/UC7isKIBNkHn5nPTL777xsLA,Is manual trading becoming obsolete?,"23,196 views",N/A,2 weeks ago
https://www.youtube.com/channel/UC7isKIBNkHn5nPTL777xsLA,💀Bitcoin is dead💀 Or is it?,"1,235 views",N/A,3 weeks ago
https://www.youtube.com/channel/UC7isKIBNkHn5nPTL777xsLA,🛑Why your trading isn't working!🛑The inconvenient truth,"9,198 views",N/A,1 month ago
https://www.youtube.com/channel/UC7isKIBNkHn5nPTL777xsLA,🎯Building PYRAMIDS for MEGA trends🎯,"1,238 views",N/A,1 month ago
https://www.youtube.com/channel/UC7isKIBNkHn5nPTL777xsLA,❌Warum du mit CFDs keine Trends traden kannst!❌ SWAPs,"2,617 views",N/A,1 month ago
https://www.youtube.com/channel/UC7isKIBNkHn5nPTL777xsLA,🎯The perfect entry point🎯Sniper CRVs 30:1,"3,054 views",N/A,1 month ago
https://www.youtube.com/channel/UC7isKIBNkHn5nPTL777xsLA,🛑Why 95% of all trading bots lose in the long run🛑,"7,638 views",N/A,1 month ago
https://www.youtube.com/channel/UC7isKIBNkHn5nPTL777xsLA,🧩The real advantage in the market🧩,"3,045 views",N/A,2 months ago
https://www.youtube.com/channel/UC7isKIBNkHn5nPTL777xsLA,🚨What to do in a crash?🚨Stock market crash preparation,"4,882 views",N/A,3 months ago
https://www.youtube.com/@didirandom,💥 $20K oil trade completed… Now EVERYONE is looking at Bitcoin!,"2,088 views",N/A,17 hours ago
https://www.youtube.com/@didirandom,🔥 Oil rally is underway – Bitcoin traders need to pay attention NOW!,"2,114 views",N/A,1 day ago
https://www.youtube.com/@didirandom,ATTENTION! The BIG SHORT is about to happen! I'm going to join in!,"3,024 views",N/A,2 days ago
https://www.youtube.com/@didirandom,The truth about the Bitcoin crash! Will we see even lower prices soon?,"3,098 views",N/A,3 days ago
https://www.youtube.com/@didirandom,"Critical retest! If things go wrong again, here's the optimal plan!","2,017 views",N/A,4 days ago
https://www.youtube.com/@didirandom,The only trading strategy you'll need in 2026!,"2,066 views",N/A,5 days ago
https://www.youtube.com/@didirandom,🚨ATTENTION! Retail is coming back! Here's where we're getting into Bitcoin!,"2,774 views",N/A,5 days ago
https://www.youtube.com/@didirandom,🚨 Everyone is scared… Bitcoin could explode right now!,"1,915 views",N/A,6 days ago
https://www.youtube.com/@didirandom,"BITCOIN SURPRISES EVERYONE! 🤯 Despite the conflict, the market is booming!","2,734 views",N/A,7 days ago
https://www.youtube.com/@didirandom,DIE SHORTS WERDEN RASIERT! (BITCOIN UPDATE! 🚨),"2,277 views",N/A,8 days ago
https://www.youtube.com/@Smart_Money_Crypto,Setting up a trading bot for stocks - Strategy (MSTR) automated trading (2026),806 views,N/A,1 month ago
https://www.youtube.com/@Smart_Money_Crypto,I ran a trading bot for 163 days (my honest conclusion),"1,229 views",N/A,1 month ago
https://www.youtube.com/@Smart_Money_Crypto,"⚠️ BITCOIN OVER $96,000 → SMART MONEY RANGE HIT! WHAT'S NEXT!","1,831 views",N/A,1 month ago
https://www.youtube.com/@Smart_Money_Crypto,"New law DAC 8: From 2026, the tax office will know EVERYTHING about your cryptocurrencies.","3,028 views",N/A,2 months ago
https://www.youtube.com/@Smart_Money_Crypto,Which Grid Bot is best for beginners? | Long-term trading with Coin-M on Pionex,"1,768 views",N/A,2 months ago
https://www.youtube.com/@Smart_Money_Crypto,⚠️ CAPITAL PRESERVATION: BITCOIN AT A TIP POINT – NOW IT GETS DANGEROUS!,"2,282 views",N/A,2 months ago
https://www.youtube.com/@Smart_Money_Crypto,🩸 BITCOIN PREDICTION: It's going to get worse… but I'm BUYING!,"1,694 views",N/A,3 months ago
https://www.youtube.com/@Smart_Money_Crypto,"☠️ 🩸 BITCOIN CRASH BELOW $86,000! – THIS IS THE REASON ‼️","5,497 views",N/A,3 months ago
https://www.youtube.com/@Smart_Money_Crypto,🚨 BITCOIN FLOOR? My Q4 PRICE TARGET! – Now it gets crucial!,"1,963 views",N/A,3 months ago
https://www.youtube.com/@Smart_Money_Crypto,$300 in 8 days?! My real result with Trading Grid bots! (Experience),863 views,N/A,4 months ago
https://www.youtube.com/@deckercapitalofficial/videos,The unexpected is happening NOW | New direction for Bitcoin & Crypto,"3,457 views",N/A,1 day ago
https://www.youtube.com/@deckercapitalofficial/videos,"Der Mentor hinter Trading-Weltmeistern enthüllt, was wirklich funktioniert | Tom Vorwald packt aus","9,951 views",N/A,3 days ago
https://www.youtube.com/@deckercapitalofficial/videos,Warning: Bitcoin is now being manipulated | My crypto trades and breaking forecast,"3,181 views",N/A,4 days ago
https://www.youtube.com/@deckercapitalofficial/videos,Horrifying prospects | How far Bitcoin will rise before the crypto shock,"4,368 views",N/A,6 days ago
https://www.youtube.com/@deckercapitalofficial/videos,New crypto outlook is shocking | This Bitcoin forecast is something else....,"3,810 views",N/A,8 days ago
https://www.youtube.com/@deckercapitalofficial/videos,NOW the market is turning: These crypto price targets will completely change Bitcoin in Q1,"3,051 views",N/A,11 days ago
https://www.youtube.com/@deckercapitalofficial/videos,NOW or NEVER: Bitcoin faces its most important phase of the year | NEW Crypto Forecast,"3,308 views",N/A,13 days ago
https://www.youtube.com/@deckercapitalofficial/videos,Shocking Crypto Turnaround & Trump Escalation | My New Bitcoin Price Targets and Forecast,"3,803 views",N/A,2 weeks ago
https://www.youtube.com/@deckercapitalofficial/videos,Bitcoin forecast causes panic 🚨 New data shakes the market | My next trades,"3,968 views",N/A,2 weeks ago
https://www.youtube.com/@deckercapitalofficial/videos,ATTENTION: Here comes the crypto revolution | These are the price targets,"3,413 views",N/A,2 weeks ago
